{
  "resourceType": "CapabilityStatement",
  "id": "ISiK-capabilityStatement-dokumentenaustausch-server",
  "url": "https://gematik.de/fhir/isik/v3/Dokumentenaustausch/CapabilityStatement/dokumentenaustausch-server",
  "status": "active",
  "experimental": false,
  "version": "3.0.2",
  "publisher": "gematik GmbH",
  "date": "2024-03-27",
  "implementationGuide": [
    "https://gematik.de/fhir/isik/v3/Dokumentenaustausch/ImplementationGuide|3.0.2"
  ],
  "name": "ISiKCapabilityStatementDokumentenaustauschServer",
  "title": "ISiK CapabilityStatement Dokumentenaustausch Server",
  "description": "Das vorliegende CapabilityStatement beschreibt alle verpflichtenden Interaktionen die ein ISiK-konformes System unterstützen muss um das Bestätigungsverfahren des Moduls &quot;Dokumentenaustausch&quot; zu bestehen.",
  "jurisdiction": [
    {
      "coding": [
        {
          "code": "DE",
          "system": "urn:iso:std:iso:3166",
          "display": "Germany"
        }
      ]
    }
  ],
  "kind": "requirements",
  "fhirVersion": "4.0.1",
  "format": [
    "application/fhir+xml",
    "application/fhir+json"
  ],
  "rest": [
    {
      "mode": "server",
      "resource": [
        {
          "extension": [
            {
              "url": "http://hl7.org/fhir/StructureDefinition/capabilitystatement-expectation",
              "valueCode": "SHALL"
            }
          ],
          "type": "DocumentReference",
          "supportedProfile": [
            "https://gematik.de/fhir/isik/v3/Dokumentenaustausch/StructureDefinition/ISiKDokumentenMetadaten"
          ],
          "interaction": [
            {
              "extension": [
                {
                  "url": "http://hl7.org/fhir/StructureDefinition/capabilitystatement-expectation",
                  "valueCode": "SHALL"
                }
              ],
              "code": "create"
            },
            {
              "extension": [
                {
                  "url": "http://hl7.org/fhir/StructureDefinition/capabilitystatement-expectation",
                  "valueCode": "SHALL"
                }
              ],
              "code": "read"
            },
            {
              "extension": [
                {
                  "url": "http://hl7.org/fhir/StructureDefinition/capabilitystatement-expectation",
                  "valueCode": "SHALL"
                }
              ],
              "code": "search-type"
            }
          ],
          "searchParam": [
            {
              "extension": [
                {
                  "url": "http://hl7.org/fhir/StructureDefinition/capabilitystatement-expectation",
                  "valueCode": "SHALL"
                }
              ],
              "name": "_id",
              "definition": "http://hl7.org/fhir/SearchParameter/Resource-id",
              "type": "token"
            },
            {
              "extension": [
                {
                  "url": "http://hl7.org/fhir/StructureDefinition/capabilitystatement-expectation",
                  "valueCode": "SHALL"
                }
              ],
              "name": "status",
              "definition": "http://hl7.org/fhir/SearchParameter/DocumentReference-status",
              "type": "token"
            },
            {
              "extension": [
                {
                  "url": "http://hl7.org/fhir/StructureDefinition/capabilitystatement-expectation",
                  "valueCode": "SHALL"
                }
              ],
              "name": "patient",
              "definition": "http://hl7.org/fhir/SearchParameter/DocumentReference-patient",
              "type": "reference"
            },
            {
              "extension": [
                {
                  "url": "http://hl7.org/fhir/StructureDefinition/capabilitystatement-expectation",
                  "valueCode": "SHALL"
                }
              ],
              "name": "type",
              "definition": "http://hl7.org/fhir/SearchParameter/DocumentReference-type",
              "type": "token"
            },
            {
              "extension": [
                {
                  "url": "http://hl7.org/fhir/StructureDefinition/capabilitystatement-expectation",
                  "valueCode": "SHALL"
                }
              ],
              "name": "category",
              "definition": "http://hl7.org/fhir/SearchParameter/DocumentReference-category",
              "type": "token"
            },
            {
              "extension": [
                {
                  "url": "http://hl7.org/fhir/StructureDefinition/capabilitystatement-expectation",
                  "valueCode": "SHALL"
                }
              ],
              "name": "creation",
              "definition": "http://profiles.ihe.net/ITI/MHD/SearchParameter/DocumentReference-Creation",
              "type": "date"
            },
            {
              "extension": [
                {
                  "url": "http://hl7.org/fhir/StructureDefinition/capabilitystatement-expectation",
                  "valueCode": "SHALL"
                }
              ],
              "name": "encounter",
              "definition": "http://hl7.org/fhir/SearchParameter/DocumentReference-encounter",
              "type": "reference"
            }
          ]
        },
        {
          "extension": [
            {
              "url": "http://hl7.org/fhir/StructureDefinition/capabilitystatement-expectation",
              "valueCode": "SHALL"
            }
          ],
          "type": "Binary",
          "supportedProfile": [
            "https://gematik.de/fhir/isik/v3/Basismodul/StructureDefinition/ISiKBinary"
          ],
          "interaction": [
            {
              "extension": [
                {
                  "url": "http://hl7.org/fhir/StructureDefinition/capabilitystatement-expectation",
                  "valueCode": "SHALL"
                }
              ],
              "code": "read"
            }
          ]
        }
      ],
      "operation": [
        {
          "extension": [
            {
              "url": "http://hl7.org/fhir/StructureDefinition/capabilitystatement-expectation",
              "valueCode": "MAY"
            }
          ],
          "name": "update-metadata",
          "definition": "https://gematik.de/fhir/isik/v3/Dokumentenaustausch/OperationDefinition/UpdateMetadata"
        },
        {
          "extension": [
            {
              "url": "http://hl7.org/fhir/StructureDefinition/capabilitystatement-expectation",
              "valueCode": "MAY"
            }
          ],
          "name": "generate-metadata",
          "definition": "https://profiles.ihe.net/ITI/MHD/OperationDefinition/generate-metadata"
        }
      ]
    }
  ]
}
