{
  "resourceType": "OperationDefinition",
  "id": "UpdateMetadata",
  "status": "active",
  "publisher": "gematik GmbH",
  "date": "2024-03-27",
  "url": "https://gematik.de/fhir/isik/v3/Dokumentenaustausch/OperationDefinition/UpdateMetadata",
  "title": "Update document metadata",
  "kind": "operation",
  "name": "update-metadata",
  "description": "Update selected, uncritical document metadata in a safe and controlled manner without having to replace the whole document",
  "code": "update-metadata",
  "comment": "\n    Expected behaviour:\n* Servers SHALL update the DocumentReference.docStatus with the submitted values\n* Servers SHALL ensure that DocumentReference.text reflects this change\n",
  "resource": [
    "DocumentReference"
  ],
  "system": false,
  "type": false,
  "instance": true,
  "parameter": [
    {
      "name": "docStatus",
      "use": "in",
      "min": 1,
      "max": "1",
      "documentation": "new value for element `docStatus`",
      "type": "code",
      "binding": {
        "strength": "required",
        "valueSet": "http://hl7.org/fhir/ValueSet/composition-status"
      }
    }
  ]
}
