{
  "resourceType": "ValueSet",
  "status": "active",
  "name": "ISiKConfidentialityCodes",
  "id": "ISiKConfidentialityCodes",
  "title": "ISiKConfidentialityCodes",
  "description": "Vertraulichkeitsstufen",
  "url": "https://gematik.de/fhir/isik/v3/Dokumentenaustausch/ValueSet/ISiKConfidentialityCodes",
  "version": "3.0.2",
  "experimental": false,
  "publisher": "gematik GmbH",
  "date": "2024-03-27",
  "compose": {
    "include": [
      {
        "system": "http://terminology.hl7.org/CodeSystem/v3-Confidentiality",
        "concept": [
          {
            "code": "N",
            "display": "normal"
          },
          {
            "code": "R",
            "display": "restricted"
          },
          {
            "code": "V",
            "display": "very restricted"
          }
        ]
      }
    ]
  }
}
