{"resourceType":"SearchParameter","id":"DocumentReference-Creation","url":"http://profiles.ihe.net/ITI/MHD/SearchParameter/DocumentReference-Creation","version":"4.0.2","name":"Creation","status":"active","date":"2021-08-26T01:01:06+00:00","publisher":"Integrating the Healthcare Enterprise (IHE)","contact":[{"name":"Integrating the Healthcare Enterprise (IHE)","telecom":[{"system":"url","value":"http://ihe.net"},{"system":"email","value":"secretary@ihe.net"}]},{"name":"John Moehrke","telecom":[{"system":"email","value":"JohnMoehrke@gmail.com","use":"work"}]}],"description":"This SearchParameter enables finding DocumentReference by the creation dateTime.","jurisdiction":[{"coding":[{"system":"http://unstats.un.org/unsd/methods/m49/m49.htm","code":"001"}]}],"code":"creation","base":["DocumentReference"],"type":"date","expression":"DocumentReference.content.attachment.creation"}