{"resourceType":"SearchParameter","id":"List-DesignationType","url":"http://profiles.ihe.net/ITI/MHD/SearchParameter/List-DesignationType","version":"4.0.2","name":"DesignationType","status":"active","date":"2021-08-26T01:01:06+00:00","publisher":"Integrating the Healthcare Enterprise (IHE)","contact":[{"name":"Integrating the Healthcare Enterprise (IHE)","telecom":[{"system":"url","value":"http://ihe.net"},{"system":"email","value":"secretary@ihe.net"}]},{"name":"John Moehrke","telecom":[{"system":"email","value":"JohnMoehrke@gmail.com","use":"work"}]}],"description":"This SearchParameter enables finding Lists by the designationType code in a submissionSet or folder.","jurisdiction":[{"coding":[{"system":"http://unstats.un.org/unsd/methods/m49/m49.htm","code":"001"}]}],"code":"designationType","base":["List"],"type":"token","expression":"(extension('http://profiles.ihe.net/ITI/MHD/StructureDefinition/DesignationType').value as CodeableConcept)"}