{"resourceType":"ValueSet","id":"MHDlistTypesVS","text":{"status":"generated","div":"<div xmlns=\"http://www.w3.org/1999/xhtml\"><ul><li>Include these codes as defined in <a href=\"CodeSystem-MHDlistTypes.html\"><code>http://profiles.ihe.net/ITI/MHD/CodeSystem/MHDlistTypes</code></a><table class=\"none\"><tr><td style=\"white-space:nowrap\"><b>Code</b></td><td><b>Display</b></td></tr><tr><td><a href=\"CodeSystem-MHDlistTypes.html#MHDlistTypes-folder\">folder</a></td><td>Folder as a FHIR List</td></tr><tr><td><a href=\"CodeSystem-MHDlistTypes.html#MHDlistTypes-submissionset\">submissionset</a></td><td>SubmissionSet as a FHIR List</td></tr></table></li></ul></div>"},"url":"http://profiles.ihe.net/ITI/MHD/ValueSet/MHDlistTypesVS","version":"4.0.2","name":"MHDlistTypesVS","title":"MHD List Types ValueSet","status":"active","date":"2021-08-26T01:01:06+00:00","publisher":"Integrating the Healthcare Enterprise (IHE)","contact":[{"name":"Integrating the Healthcare Enterprise (IHE)","telecom":[{"system":"url","value":"http://ihe.net"},{"system":"email","value":"secretary@ihe.net"}]},{"name":"John Moehrke","telecom":[{"system":"email","value":"JohnMoehrke@gmail.com","use":"work"}]}],"description":"ValueSet of the MHD List Types allowed","jurisdiction":[{"coding":[{"system":"http://unstats.un.org/unsd/methods/m49/m49.htm","code":"001"}]}],"copyright":"IHE http://www.ihe.net/Governance/#Intellectual_Property","compose":{"include":[{"system":"http://profiles.ihe.net/ITI/MHD/CodeSystem/MHDlistTypes","concept":[{"code":"folder"},{"code":"submissionset"}]}]}}